[{"pk": "eyesifxv21", "model": "api.platform", "fields": {"datetime_modified": "2012-06-15T13:18:26.377Z", "native_id": 1, "name": "eyesifxv21", "datetime_created": "2012-06-15T13:18:26.377Z"}}, {"pk": "eyesifxv20", "model": "api.platform", "fields": {"datetime_modified": "2012-06-15T13:18:56.825Z", "native_id": 2, "name": "eyesifxv20", "datetime_created": "2012-06-15T13:18:56.825Z"}}, {"pk": "telosa", "model": "api.platform", "fields": {"datetime_modified": "2012-06-15T13:19:02.354Z", "native_id": 3, "name": "telosa", "datetime_created": "2012-06-15T13:19:02.354Z"}}, {"pk": "telosb", "model": "api.platform", "fields": {"datetime_modified": "2012-06-15T13:19:16.971Z", "native_id": 4, "name": "telosb", "datetime_created": "2012-06-15T13:19:16.971Z"}}, {"pk": "tmotesky", "model": "api.platform", "fields": {"datetime_modified": "2012-06-15T13:19:31.828Z", "native_id": 5, "name": "tmotesky", "datetime_created": "2012-06-15T13:19:31.828Z"}}, {"pk": "roomba", "model": "api.platform", "fields": {"datetime_modified": "2012-06-15T13:19:55.917Z", "native_id": 6, "name": "roomba", "datetime_created": "2012-06-15T13:19:55.917Z"}}, {"pk": "homematic", "model": "api.platform", "fields": {"datetime_modified": "2012-06-15T13:20:08.077Z", "native_id": 7, "name": "homematic", "datetime_created": "2012-06-15T13:20:08.077Z"}}, {"pk": "M49YZ1IA", "model": "api.node", "fields": {"name": "WSN node", "location_z": "16.05", "location_x": "5.3", "location_y": "4.85", "datetime_created": "2012-06-28T09:37:30.890Z", "platform": "tmotesky", "native_id": 10, "datetime_modified": "2012-06-28T09:37:30.890Z", "image": null}}, {"pk": "M49Y4143", "model": "api.node", "fields": {"name": "WSN node", "location_z": "16.05", "location_x": "5.27", "location_y": "1.52", "datetime_created": "2012-06-28T09:37:30.909Z", "platform": "tmotesky", "native_id": 11, "datetime_modified": "2012-06-28T09:37:30.909Z", "image": null}}, {"pk": "M49YZ1EH", "model": "api.node", "fields": {"name": "WSN node", "location_z": "16.05", "location_x": "5.23", "location_y": "10.97", "datetime_created": "2012-06-28T09:37:30.916Z", "platform": "tmotesky", "native_id": 12, "datetime_modified": "2012-06-28T09:37:30.917Z", "image": null}}, {"pk": "M49YZ1IS", "model": "api.node", "fields": {"name": "WSN node", "location_z": "16.05", "location_x": "5.23", "location_y": "13.87", "datetime_created": "2012-06-28T09:37:30.928Z", "platform": "tmotesky", "native_id": 13, "datetime_modified": "2012-06-28T09:37:30.928Z", "image": null}}, {"pk": "M49YZ1H7", "model": "api.node", "fields": {"name": "WSN node", "location_z": "16.05", "location_x": "11.44", "location_y": "1.53", "datetime_created": "2012-06-28T09:37:30.936Z", "platform": "tmotesky", "native_id": 15, "datetime_modified": "2012-06-28T09:37:30.936Z", "image": null}}, {"pk": "I5301207", "model": "api.node", "fields": {"name": "WSN node", "location_z": "12.37", "location_x": "1.77", "location_y": "1.68", "datetime_created": "2012-06-28T09:37:30.944Z", "platform": "eyesifxv20", "native_id": 16, "datetime_modified": "2012-06-28T09:37:30.944Z", "image": null}}, {"pk": "I5304277", "model": "api.node", "fields": {"name": "WSN node", "location_z": "12.37", "location_x": "1.76", "location_y": "4.98", "datetime_created": "2012-06-28T09:37:30.958Z", "platform": "eyesifxv20", "native_id": 17, "datetime_modified": "2012-06-28T09:37:30.958Z", "image": null}}, {"pk": "I5302570", "model": "api.node", "fields": {"name": "WSN node", "location_z": "12.37", "location_x": "7.93", "location_y": "1.67", "datetime_created": "2012-06-28T09:37:30.966Z", "platform": "eyesifxv20", "native_id": 18, "datetime_modified": "2012-06-28T09:37:30.966Z", "image": null}}, {"pk": "I5300422", "model": "api.node", "fields": {"name": "WSN node", "location_z": "12.37", "location_x": "7.93", "location_y": "5.1", "datetime_created": "2012-06-28T09:37:30.974Z", "platform": "eyesifxv20", "native_id": 19, "datetime_modified": "2012-06-28T09:37:30.974Z", "image": null}}, {"pk": "I5304017", "model": "api.node", "fields": {"name": "WSN node", "location_z": "12.37", "location_x": "14.13", "location_y": "5.06", "datetime_created": "2012-06-28T09:37:30.982Z", "platform": "eyesifxv20", "native_id": 20, "datetime_modified": "2012-06-28T09:37:30.982Z", "image": null}}, {"pk": "I5300033", "model": "api.node", "fields": {"name": "WSN node", "location_z": "12.37", "location_x": "14.13", "location_y": "1.67", "datetime_created": "2012-06-28T09:37:31.000Z", "platform": "eyesifxv20", "native_id": 21, "datetime_modified": "2012-06-28T09:37:31.000Z", "image": null}}, {"pk": "I5300019", "model": "api.node", "fields": {"name": "WSN node", "location_z": "12.37", "location_x": "14.21", "location_y": "10.96", "datetime_created": "2012-06-28T09:37:31.008Z", "platform": "eyesifxv20", "native_id": 22, "datetime_modified": "2012-06-28T09:37:31.008Z", "image": null}}, {"pk": "I5300149", "model": "api.node", "fields": {"name": "WSN node", "location_z": "12.37", "location_x": "14.22", "location_y": "13.68", "datetime_created": "2012-06-28T09:37:31.020Z", "platform": "eyesifxv20", "native_id": 23, "datetime_modified": "2012-06-28T09:37:31.020Z", "image": null}}, {"pk": "I5300415", "model": "api.node", "fields": {"name": "WSN node", "location_z": "12.37", "location_x": "20.33", "location_y": "1.68", "datetime_created": "2012-06-28T09:37:31.027Z", "platform": "eyesifxv20", "native_id": 24, "datetime_modified": "2012-06-28T09:37:31.027Z", "image": null}}, {"pk": "I5300453", "model": "api.node", "fields": {"name": "WSN node", "location_z": "12.37", "location_x": "20.24", "location_y": "10.92", "datetime_created": "2012-06-28T09:37:31.068Z", "platform": "eyesifxv20", "native_id": 26, "datetime_modified": "2012-06-28T09:37:31.068Z", "image": null}}, {"pk": "I5301023", "model": "api.node", "fields": {"name": "WSN node", "location_z": "12.37", "location_x": "20.24", "location_y": "13.67", "datetime_created": "2012-06-28T09:37:31.076Z", "platform": "eyesifxv20", "native_id": 27, "datetime_modified": "2012-06-28T09:37:31.076Z", "image": null}}, {"pk": "I5301320", "model": "api.node", "fields": {"name": "WSN node", "location_z": "12.37", "location_x": "26.08", "location_y": "1.67", "datetime_created": "2012-06-28T09:37:31.084Z", "platform": "eyesifxv20", "native_id": 28, "datetime_modified": "2012-06-28T09:37:31.084Z", "image": null}}, {"pk": "I5301276", "model": "api.node", "fields": {"name": "WSN node", "location_z": "12.37", "location_x": "26.08", "location_y": "4.74", "datetime_created": "2012-06-28T09:37:31.099Z", "platform": "eyesifxv20", "native_id": 29, "datetime_modified": "2012-06-28T09:37:31.099Z", "image": null}}, {"pk": "I5304185", "model": "api.node", "fields": {"name": "WSN node", "location_z": "9.08", "location_x": "1.72", "location_y": "10.98", "datetime_created": "2012-06-28T09:37:31.106Z", "platform": "eyesifxv20", "native_id": 30, "datetime_modified": "2012-06-28T09:37:31.107Z", "image": null}}, {"pk": "I5300095", "model": "api.node", "fields": {"name": "WSN node", "location_z": "9.08", "location_x": "1.72", "location_y": "13.67", "datetime_created": "2012-06-28T09:37:31.118Z", "platform": "eyesifxv20", "native_id": 31, "datetime_modified": "2012-06-28T09:37:31.119Z", "image": null}}, {"pk": "I5302754", "model": "api.node", "fields": {"name": "WSN node", "location_z": "9.08", "location_x": "4.89", "location_y": "5.06", "datetime_created": "2012-06-28T09:37:31.126Z", "platform": "eyesifxv20", "native_id": 33, "datetime_modified": "2012-06-28T09:37:31.126Z", "image": null}}, {"pk": "I5301429", "model": "api.node", "fields": {"name": "WSN node", "location_z": "9.08", "location_x": "4.86", "location_y": "10.94", "datetime_created": "2012-06-28T09:37:31.148Z", "platform": "eyesifxv20", "native_id": 34, "datetime_modified": "2012-06-28T09:37:31.148Z", "image": null}}, {"pk": "I5300132", "model": "api.node", "fields": {"name": "WSN node", "location_z": "9.08", "location_x": "4.86", "location_y": "13.67", "datetime_created": "2012-06-28T09:37:31.156Z", "platform": "eyesifxv20", "native_id": 35, "datetime_modified": "2012-06-28T09:37:31.156Z", "image": null}}, {"pk": "I5304079", "model": "api.node", "fields": {"name": "WSN node", "location_z": "9.08", "location_x": "7.98", "location_y": "1.93", "datetime_created": "2012-06-28T09:37:31.168Z", "platform": "eyesifxv20", "native_id": 36, "datetime_modified": "2012-06-28T09:37:31.169Z", "image": null}}, {"pk": "I5300040", "model": "api.node", "fields": {"name": "WSN node", "location_z": "9.08", "location_x": "7.98", "location_y": "5.06", "datetime_created": "2012-06-28T09:37:31.176Z", "platform": "eyesifxv20", "native_id": 37, "datetime_modified": "2012-06-28T09:37:31.176Z", "image": null}}, {"pk": "I5300316", "model": "api.node", "fields": {"name": "WSN node", "location_z": "9.08", "location_x": "8.01", "location_y": "11.07", "datetime_created": "2012-06-28T09:37:31.209Z", "platform": "eyesifxv20", "native_id": 38, "datetime_modified": "2012-06-28T09:37:31.209Z", "image": null}}, {"pk": "I5301214", "model": "api.node", "fields": {"name": "WSN node", "location_z": "9.08", "location_x": "8.04", "location_y": "13.86", "datetime_created": "2012-06-28T09:37:31.218Z", "platform": "eyesifxv20", "native_id": 39, "datetime_modified": "2012-06-28T09:37:31.218Z", "image": null}}, {"pk": "I5300378", "model": "api.node", "fields": {"name": "WSN node", "location_z": "9.08", "location_x": "11.17", "location_y": "1.89", "datetime_created": "2012-06-28T09:37:31.228Z", "platform": "eyesifxv20", "native_id": 40, "datetime_modified": "2012-06-28T09:37:31.229Z", "image": null}}, {"pk": "I5301061", "model": "api.node", "fields": {"name": "WSN node", "location_z": "9.08", "location_x": "11.17", "location_y": "5.06", "datetime_created": "2012-06-28T09:37:31.236Z", "platform": "eyesifxv20", "native_id": 41, "datetime_modified": "2012-06-28T09:37:31.236Z", "image": null}}, {"pk": "I5304048", "model": "api.node", "fields": {"name": "WSN node", "location_z": "9.08", "location_x": "11.07", "location_y": "11.13", "datetime_created": "2012-06-28T09:37:31.248Z", "platform": "eyesifxv20", "native_id": 42, "datetime_modified": "2012-06-28T09:37:31.249Z", "image": null}}, {"pk": "I5300507", "model": "api.node", "fields": {"name": "WSN node", "location_z": "9.08", "location_x": "11.07", "location_y": "13.86", "datetime_created": "2012-06-28T09:37:31.256Z", "platform": "eyesifxv20", "native_id": 43, "datetime_modified": "2012-06-28T09:37:31.256Z", "image": null}}, {"pk": "I5300323", "model": "api.node", "fields": {"name": "WSN node", "location_z": "9.08", "location_x": "14.11", "location_y": "1.89", "datetime_created": "2012-06-28T09:37:31.268Z", "platform": "eyesifxv20", "native_id": 44, "datetime_modified": "2012-06-28T09:37:31.268Z", "image": null}}, {"pk": "I5304260", "model": "api.node", "fields": {"name": "WSN node", "location_z": "9.08", "location_x": "14.1", "location_y": "5.06", "datetime_created": "2012-06-28T09:37:31.276Z", "platform": "eyesifxv20", "native_id": 45, "datetime_modified": "2012-06-28T09:37:31.276Z", "image": null}}, {"pk": "I5300439", "model": "api.node", "fields": {"name": "WSN node", "location_z": "9.08", "location_x": "14.18", "location_y": "10.95", "datetime_created": "2012-06-28T09:37:31.289Z", "platform": "eyesifxv20", "native_id": 46, "datetime_modified": "2012-06-28T09:37:31.289Z", "image": null}}, {"pk": "I5300477", "model": "api.node", "fields": {"name": "WSN node", "location_z": "9.08", "location_x": "14.18", "location_y": "13.68", "datetime_created": "2012-06-28T09:37:31.296Z", "platform": "eyesifxv20", "native_id": 47, "datetime_modified": "2012-06-28T09:37:31.297Z", "image": null}}, {"pk": "I5302891", "model": "api.node", "fields": {"name": "WSN node", "location_z": "9.08", "location_x": "17.16", "location_y": "1.75", "datetime_created": "2012-06-28T09:37:31.308Z", "platform": "eyesifxv20", "native_id": 48, "datetime_modified": "2012-06-28T09:37:31.308Z", "image": null}}, {"pk": "I5304239", "model": "api.node", "fields": {"name": "WSN node", "location_z": "9.08", "location_x": "17.16", "location_y": "5.06", "datetime_created": "2012-06-28T09:37:31.316Z", "platform": "eyesifxv20", "native_id": 49, "datetime_modified": "2012-06-28T09:37:31.316Z", "image": null}}, {"pk": "I5300194", "model": "api.node", "fields": {"name": "WSN node", "location_z": "9.08", "location_x": "17.29", "location_y": "10.95", "datetime_created": "2012-06-28T09:37:31.328Z", "platform": "eyesifxv20", "native_id": 50, "datetime_modified": "2012-06-28T09:37:31.328Z", "image": null}}, {"pk": "I5300118", "model": "api.node", "fields": {"name": "WSN node", "location_z": "9.08", "location_x": "20.31", "location_y": "1.75", "datetime_created": "2012-06-28T09:37:31.336Z", "platform": "eyesifxv20", "native_id": 52, "datetime_modified": "2012-06-28T09:37:31.336Z", "image": null}}, {"pk": "I5300156", "model": "api.node", "fields": {"name": "WSN node", "location_z": "9.08", "location_x": "20.31", "location_y": "5.06", "datetime_created": "2012-06-28T09:37:31.358Z", "platform": "eyesifxv20", "native_id": 54, "datetime_modified": "2012-06-28T09:37:31.359Z", "image": null}}, {"pk": "I5301191", "model": "api.node", "fields": {"name": "WSN node", "location_z": "9.08", "location_x": "20.24", "location_y": "10.94", "datetime_created": "2012-06-28T09:37:31.366Z", "platform": "eyesifxv20", "native_id": 55, "datetime_modified": "2012-06-28T09:37:31.366Z", "image": null}}, {"pk": "I5301344", "model": "api.node", "fields": {"name": "WSN node", "location_z": "12.37", "location_x": "7.9", "location_y": "11", "datetime_created": "2012-06-28T09:37:31.379Z", "platform": "eyesifxv20", "native_id": 58, "datetime_modified": "2012-06-28T09:37:31.379Z", "image": null}}, {"pk": "I5304116", "model": "api.node", "fields": {"name": "WSN node", "location_z": "16.05", "location_x": "29.66", "location_y": "1.52", "datetime_created": "2012-06-28T09:37:31.386Z", "platform": "eyesifxv20", "native_id": 61, "datetime_modified": "2012-06-28T09:37:31.387Z", "image": null}}, {"pk": "I5300088", "model": "api.node", "fields": {"name": "WSN node", "location_z": "16.05", "location_x": "11.07", "location_y": "13.87", "datetime_created": "2012-06-28T09:37:31.418Z", "platform": "eyesifxv20", "native_id": 63, "datetime_modified": "2012-06-28T09:37:31.419Z", "image": null}}, {"pk": "I5301245", "model": "api.node", "fields": {"name": "WSN node", "location_z": "16.05", "location_x": "4.88", "location_y": "4.85", "datetime_created": "2012-06-28T09:37:31.426Z", "platform": "eyesifxv20", "native_id": 65, "datetime_modified": "2012-06-28T09:37:31.426Z", "image": null}}, {"pk": "I5300484", "model": "api.node", "fields": {"name": "WSN node", "location_z": "12.37", "location_x": "7.9", "location_y": "13.9", "datetime_created": "2012-06-28T09:37:31.438Z", "platform": "eyesifxv20", "native_id": 68, "datetime_modified": "2012-06-28T09:37:31.438Z", "image": null}}, {"pk": "I5303201", "model": "api.node", "fields": {"name": "WSN node", "location_z": "16.05", "location_x": "11.06", "location_y": "1.53", "datetime_created": "2012-06-28T09:37:31.446Z", "platform": "eyesifxv20", "native_id": 69, "datetime_modified": "2012-06-28T09:37:31.446Z", "image": null}}, {"pk": "I5304109", "model": "api.node", "fields": {"name": "WSN node", "location_z": "16.05", "location_x": "4.86", "location_y": "10.97", "datetime_created": "2012-06-28T09:37:31.478Z", "platform": "eyesifxv20", "native_id": 70, "datetime_modified": "2012-06-28T09:37:31.478Z", "image": null}}, {"pk": "I5302976", "model": "api.node", "fields": {"name": "WSN node", "location_z": "16.05", "location_x": "23.48", "location_y": "5.17", "datetime_created": "2012-06-28T09:37:31.486Z", "platform": "eyesifxv20", "native_id": 71, "datetime_modified": "2012-06-28T09:37:31.486Z", "image": null}}, {"pk": "I5303324", "model": "api.node", "fields": {"name": "WSN node", "location_z": "16.05", "location_x": "29.66", "location_y": "4.73", "datetime_created": "2012-06-28T09:37:31.509Z", "platform": "eyesifxv20", "native_id": 72, "datetime_modified": "2012-06-28T09:37:31.509Z", "image": null}}, {"pk": "I5300286", "model": "api.node", "fields": {"name": "WSN node", "location_z": "16.05", "location_x": "17.22", "location_y": "11", "datetime_created": "2012-06-28T09:37:31.516Z", "platform": "eyesifxv20", "native_id": 73, "datetime_modified": "2012-06-28T09:37:31.517Z", "image": null}}, {"pk": "I5300057", "model": "api.node", "fields": {"name": "WSN node", "location_z": "16.05", "location_x": "17.26", "location_y": "1.53", "datetime_created": "2012-06-28T09:37:31.528Z", "platform": "eyesifxv20", "native_id": 74, "datetime_modified": "2012-06-28T09:37:31.528Z", "image": null}}, {"pk": "I5300347", "model": "api.node", "fields": {"name": "WSN node", "location_z": "16.05", "location_x": "17.24", "location_y": "13.85", "datetime_created": "2012-06-28T09:37:31.536Z", "platform": "eyesifxv20", "native_id": 75, "datetime_modified": "2012-06-28T09:37:31.536Z", "image": null}}, {"pk": "I5301078", "model": "api.node", "fields": {"name": "WSN node", "location_z": "16.05", "location_x": "11.07", "location_y": "11.01", "datetime_created": "2012-06-28T09:37:31.548Z", "platform": "eyesifxv20", "native_id": 77, "datetime_modified": "2012-06-28T09:37:31.548Z", "image": null}}, {"pk": "M49YZ1EI", "model": "api.node", "fields": {"name": "WSN node", "location_z": "12.37", "location_x": "5", "location_y": "1.67", "datetime_created": "2012-06-28T09:37:31.556Z", "platform": "tmotesky", "native_id": 79, "datetime_modified": "2012-06-28T09:37:31.556Z", "image": null}}, {"pk": "M49YZ1H5", "model": "api.node", "fields": {"name": "WSN node", "location_z": "12.37", "location_x": "5", "location_y": "5.06", "datetime_created": "2012-06-28T09:37:31.568Z", "platform": "tmotesky", "native_id": 80, "datetime_modified": "2012-06-28T09:37:31.568Z", "image": null}}, {"pk": "M49YZ1HA", "model": "api.node", "fields": {"name": "WSN node", "location_z": "12.37", "location_x": "11.35", "location_y": "5.1", "datetime_created": "2012-06-28T09:37:31.576Z", "platform": "tmotesky", "native_id": 81, "datetime_modified": "2012-06-28T09:37:31.576Z", "image": null}}, {"pk": "M49YZ1EU", "model": "api.node", "fields": {"name": "WSN node", "location_z": "12.37", "location_x": "11.34", "location_y": "1.67", "datetime_created": "2012-06-28T09:37:31.589Z", "platform": "tmotesky", "native_id": 82, "datetime_modified": "2012-06-28T09:37:31.589Z", "image": null}}, {"pk": "M49YZ1ES", "model": "api.node", "fields": {"name": "WSN node", "location_z": "12.37", "location_x": "11.7", "location_y": "10.96", "datetime_created": "2012-06-28T09:37:31.597Z", "platform": "tmotesky", "native_id": 83, "datetime_modified": "2012-06-28T09:37:31.597Z", "image": null}}, {"pk": "M49YZ1IC", "model": "api.node", "fields": {"name": "WSN node", "location_z": "12.37", "location_x": "11.65", "location_y": "13.68", "datetime_created": "2012-06-28T09:37:31.608Z", "platform": "tmotesky", "native_id": 84, "datetime_modified": "2012-06-28T09:37:31.608Z", "image": null}}, {"pk": "M49YZ1FM", "model": "api.node", "fields": {"name": "WSN node", "location_z": "12.37", "location_x": "17.63", "location_y": "1.67", "datetime_created": "2012-06-28T09:37:31.616Z", "platform": "tmotesky", "native_id": 85, "datetime_modified": "2012-06-28T09:37:31.616Z", "image": null}}, {"pk": "M49YZ1E5", "model": "api.node", "fields": {"name": "WSN node", "location_z": "12.37", "location_x": "17.62", "location_y": "5.1", "datetime_created": "2012-06-28T09:37:31.628Z", "platform": "tmotesky", "native_id": 86, "datetime_modified": "2012-06-28T09:37:31.628Z", "image": null}}, {"pk": "M49Y416I", "model": "api.node", "fields": {"name": "WSN node", "location_z": "12.37", "location_x": "17.61", "location_y": "10.99", "datetime_created": "2012-06-28T09:37:31.636Z", "platform": "tmotesky", "native_id": 87, "datetime_modified": "2012-06-28T09:37:31.637Z", "image": null}}, {"pk": "M49YZ1HL", "model": "api.node", "fields": {"name": "WSN node", "location_z": "16.05", "location_x": "11.46", "location_y": "5.02", "datetime_created": "2012-06-28T09:37:31.648Z", "platform": "tmotesky", "native_id": 88, "datetime_modified": "2012-06-28T09:37:31.648Z", "image": null}}, {"pk": "M49YZ1HN", "model": "api.node", "fields": {"name": "WSN node", "location_z": "16.05", "location_x": "11.47", "location_y": "11.01", "datetime_created": "2012-06-28T09:37:31.656Z", "platform": "tmotesky", "native_id": 89, "datetime_modified": "2012-06-28T09:37:31.656Z", "image": null}}, {"pk": "M49YZ1IQ", "model": "api.node", "fields": {"name": "WSN node", "location_z": "16.05", "location_x": "11.4", "location_y": "13.87", "datetime_created": "2012-06-28T09:37:31.669Z", "platform": "tmotesky", "native_id": 90, "datetime_modified": "2012-06-28T09:37:31.669Z", "image": null}}, {"pk": "M49YZ1GA", "model": "api.node", "fields": {"name": "WSN node", "location_z": "16.05", "location_x": "17.68", "location_y": "1.53", "datetime_created": "2012-06-28T09:37:31.676Z", "platform": "tmotesky", "native_id": 91, "datetime_modified": "2012-06-28T09:37:31.677Z", "image": null}}, {"pk": "M49YZ1H2", "model": "api.node", "fields": {"name": "WSN node", "location_z": "16.05", "location_x": "17.65", "location_y": "5.05", "datetime_created": "2012-06-28T09:37:31.689Z", "platform": "tmotesky", "native_id": 92, "datetime_modified": "2012-06-28T09:37:31.689Z", "image": null}}, {"pk": "M49YZ1H8", "model": "api.node", "fields": {"name": "WSN node", "location_z": "16.05", "location_x": "17.82", "location_y": "11", "datetime_created": "2012-06-28T09:37:31.697Z", "platform": "tmotesky", "native_id": 93, "datetime_modified": "2012-06-28T09:37:31.698Z", "image": null}}, {"pk": "M49YZ1HQ", "model": "api.node", "fields": {"name": "WSN node", "location_z": "16.05", "location_x": "17.89", "location_y": "13.85", "datetime_created": "2012-06-28T09:37:31.708Z", "platform": "tmotesky", "native_id": 94, "datetime_modified": "2012-06-28T09:37:31.708Z", "image": null}}, {"pk": "M49YZ1HM", "model": "api.node", "fields": {"name": "WSN node", "location_z": "16.05", "location_x": "23.85", "location_y": "1.52", "datetime_created": "2012-06-28T09:37:31.716Z", "platform": "tmotesky", "native_id": 95, "datetime_modified": "2012-06-28T09:37:31.716Z", "image": null}}, {"pk": "M49YZ1IT", "model": "api.node", "fields": {"name": "WSN node", "location_z": "16.05", "location_x": "23.78", "location_y": "5.17", "datetime_created": "2012-06-28T09:37:31.724Z", "platform": "tmotesky", "native_id": 96, "datetime_modified": "2012-06-28T09:37:31.724Z", "image": null}}, {"pk": "M49YZ1EN", "model": "api.node", "fields": {"name": "WSN node", "location_z": "16.05", "location_x": "30.02", "location_y": "1.52", "datetime_created": "2012-06-28T09:37:31.748Z", "platform": "tmotesky", "native_id": 97, "datetime_modified": "2012-06-28T09:37:31.748Z", "image": null}}, {"pk": "M49Y418S", "model": "api.node", "fields": {"name": "WSN node", "location_z": "12.37", "location_x": "17.61", "location_y": "13.67", "datetime_created": "2012-06-28T09:37:31.757Z", "platform": "tmotesky", "native_id": 99, "datetime_modified": "2012-06-28T09:37:31.757Z", "image": null}}, {"pk": "M49XF0TE", "model": "api.node", "fields": {"name": "WSN node", "location_z": "12.37", "location_x": "23.84", "location_y": "1.67", "datetime_created": "2012-06-28T09:37:31.764Z", "platform": "tmotesky", "native_id": 100, "datetime_modified": "2012-06-28T09:37:31.764Z", "image": null}}, {"pk": "M49YZ1EZ", "model": "api.node", "fields": {"name": "WSN node", "location_z": "12.37", "location_x": "23.83", "location_y": "5.03", "datetime_created": "2012-06-28T09:37:31.778Z", "platform": "tmotesky", "native_id": 101, "datetime_modified": "2012-06-28T09:37:31.778Z", "image": null}}, {"pk": "M49Y416O", "model": "api.node", "fields": {"name": "WSN node", "location_z": "12.37", "location_x": "30.28", "location_y": "1.67", "datetime_created": "2012-06-28T09:37:31.786Z", "platform": "tmotesky", "native_id": 102, "datetime_modified": "2012-06-28T09:37:31.786Z", "image": null}}, {"pk": "M49YZ1EO", "model": "api.node", "fields": {"name": "WSN node", "location_z": "12.37", "location_x": "30.28", "location_y": "4.74", "datetime_created": "2012-06-28T09:37:31.794Z", "platform": "tmotesky", "native_id": 103, "datetime_modified": "2012-06-28T09:37:31.794Z", "image": null}}, {"pk": "I5300262", "model": "api.node", "fields": {"name": "WSN node", "location_z": "16.05", "location_x": "11.06", "location_y": "5.02", "datetime_created": "2012-06-28T09:37:31.808Z", "platform": "eyesifxv20", "native_id": 107, "datetime_modified": "2012-06-28T09:37:31.808Z", "image": null}}, {"pk": "I5300491", "model": "api.node", "fields": {"name": "WSN node", "location_z": "16.05", "location_x": "23.48", "location_y": "1.52", "datetime_created": "2012-06-28T09:37:31.816Z", "platform": "eyesifxv20", "native_id": 108, "datetime_modified": "2012-06-28T09:37:31.816Z", "image": null}}, {"pk": "I5300200", "model": "api.node", "fields": {"name": "WSN node", "location_z": "12.37", "location_x": "4.86", "location_y": "10.97", "datetime_created": "2012-06-28T09:37:31.824Z", "platform": "eyesifxv20", "native_id": 112, "datetime_modified": "2012-06-28T09:37:31.824Z", "image": null}}, {"pk": "I5303263", "model": "api.node", "fields": {"name": "WSN node", "location_z": "12.37", "location_x": "4.86", "location_y": "13.85", "datetime_created": "2012-06-28T09:37:31.839Z", "platform": "eyesifxv20", "native_id": 113, "datetime_modified": "2012-06-28T09:37:31.839Z", "image": null}}, {"pk": "I5301088", "model": "api.node", "fields": {"name": "WSN node", "location_z": "12.37", "location_x": "1.81", "location_y": "10.97", "datetime_created": "2012-06-28T09:37:31.847Z", "platform": "eyesifxv20", "native_id": 115, "datetime_modified": "2012-06-28T09:37:31.847Z", "image": null}}, {"pk": "I5300170", "model": "api.node", "fields": {"name": "WSN node", "location_z": "16.05", "location_x": "4.87", "location_y": "13.87", "datetime_created": "2012-06-28T09:37:31.858Z", "platform": "eyesifxv20", "native_id": 116, "datetime_modified": "2012-06-28T09:37:31.858Z", "image": null}}, {"pk": "I5300361", "model": "api.node", "fields": {"name": "WSN node", "location_z": "12.37", "location_x": "1.81", "location_y": "13.85", "datetime_created": "2012-06-28T09:37:31.866Z", "platform": "eyesifxv20", "native_id": 117, "datetime_modified": "2012-06-28T09:37:31.866Z", "image": null}}, {"pk": "I5460033", "model": "api.node", "fields": {"name": "WSN node", "location_z": "16.05", "location_x": "1.71", "location_y": "4.85", "datetime_created": "2012-06-28T09:37:31.874Z", "platform": "eyesifxv21", "native_id": 118, "datetime_modified": "2012-06-28T09:37:31.874Z", "image": null}}, {"pk": "I5460305", "model": "api.node", "fields": {"name": "WSN node", "location_z": "16.05", "location_x": "1.71", "location_y": "1.45", "datetime_created": "2012-06-28T09:37:31.888Z", "platform": "eyesifxv21", "native_id": 119, "datetime_modified": "2012-06-28T09:37:31.889Z", "image": null}}, {"pk": "I5460211", "model": "api.node", "fields": {"name": "WSN node", "location_z": "16.05", "location_x": "1.81", "location_y": "10.97", "datetime_created": "2012-06-28T09:37:31.896Z", "platform": "eyesifxv21", "native_id": 120, "datetime_modified": "2012-06-28T09:37:31.896Z", "image": null}}, {"pk": "I5460059", "model": "api.node", "fields": {"name": "WSN node", "location_z": "16.05", "location_x": "1.81", "location_y": "13.87", "datetime_created": "2012-06-28T09:37:31.904Z", "platform": "eyesifxv21", "native_id": 121, "datetime_modified": "2012-06-28T09:37:31.904Z", "image": null}}, {"pk": "I5460129", "model": "api.node", "fields": {"name": "WSN node", "location_z": "16.05", "location_x": "7.96", "location_y": "1.44", "datetime_created": "2012-06-28T09:37:31.929Z", "platform": "eyesifxv21", "native_id": 122, "datetime_modified": "2012-06-28T09:37:31.929Z", "image": null}}, {"pk": "I5460245", "model": "api.node", "fields": {"name": "WSN node", "location_z": "16.05", "location_x": "7.93", "location_y": "10.97", "datetime_created": "2012-06-28T09:37:31.936Z", "platform": "eyesifxv21", "native_id": 124, "datetime_modified": "2012-06-28T09:37:31.937Z", "image": null}}, {"pk": "I5460050", "model": "api.node", "fields": {"name": "WSN node", "location_z": "16.05", "location_x": "7.93", "location_y": "13.85", "datetime_created": "2012-06-28T09:37:31.944Z", "platform": "eyesifxv21", "native_id": 125, "datetime_modified": "2012-06-28T09:37:31.944Z", "image": null}}, {"pk": "I5460075", "model": "api.node", "fields": {"name": "WSN node", "location_z": "16.05", "location_x": "14.18", "location_y": "1.46", "datetime_created": "2012-06-28T09:37:31.968Z", "platform": "eyesifxv21", "native_id": 126, "datetime_modified": "2012-06-28T09:37:31.969Z", "image": null}}, {"pk": "I5460414", "model": "api.node", "fields": {"name": "WSN node", "location_z": "16.05", "location_x": "14.18", "location_y": "5.09", "datetime_created": "2012-06-28T09:37:31.976Z", "platform": "eyesifxv21", "native_id": 127, "datetime_modified": "2012-06-28T09:37:31.976Z", "image": null}}, {"pk": "I5460028", "model": "api.node", "fields": {"name": "WSN node", "location_z": "16.05", "location_x": "14.18", "location_y": "11", "datetime_created": "2012-06-28T09:37:31.984Z", "platform": "eyesifxv21", "native_id": 128, "datetime_modified": "2012-06-28T09:37:31.984Z", "image": null}}, {"pk": "I5460310", "model": "api.node", "fields": {"name": "WSN node", "location_z": "16.05", "location_x": "14.17", "location_y": "13.88", "datetime_created": "2012-06-28T09:37:31.992Z", "platform": "eyesifxv21", "native_id": 129, "datetime_modified": "2012-06-28T09:37:31.992Z", "image": null}}, {"pk": "I5460010", "model": "api.node", "fields": {"name": "WSN node", "location_z": "16.05", "location_x": "20.34", "location_y": "1.53", "datetime_created": "2012-06-28T09:37:32.009Z", "platform": "eyesifxv21", "native_id": 130, "datetime_modified": "2012-06-28T09:37:32.009Z", "image": null}}, {"pk": "I5460198", "model": "api.node", "fields": {"name": "WSN node", "location_z": "16.05", "location_x": "20.34", "location_y": "5.16", "datetime_created": "2012-06-28T09:37:32.017Z", "platform": "eyesifxv21", "native_id": 131, "datetime_modified": "2012-06-28T09:37:32.018Z", "image": null}}, {"pk": "I5460216", "model": "api.node", "fields": {"name": "WSN node", "location_z": "16.05", "location_x": "20.46", "location_y": "11", "datetime_created": "2012-06-28T09:37:32.030Z", "platform": "eyesifxv21", "native_id": 132, "datetime_modified": "2012-06-28T09:37:32.030Z", "image": null}}, {"pk": "I5460086", "model": "api.node", "fields": {"name": "WSN node", "location_z": "16.05", "location_x": "20.46", "location_y": "13.85", "datetime_created": "2012-06-28T09:37:32.037Z", "platform": "eyesifxv21", "native_id": 133, "datetime_modified": "2012-06-28T09:37:32.037Z", "image": null}}, {"pk": "I5460353", "model": "api.node", "fields": {"name": "WSN node", "location_z": "16.05", "location_x": "26.06", "location_y": "4.73", "datetime_created": "2012-06-28T09:37:32.045Z", "platform": "eyesifxv21", "native_id": 135, "datetime_modified": "2012-06-28T09:37:32.045Z", "image": null}}, {"pk": "M4A5L5AH", "model": "api.node", "fields": {"name": "WSN node", "location_z": "16.05", "location_x": "26.51", "location_y": "1.52", "datetime_created": "2012-06-28T09:37:32.058Z", "platform": "tmotesky", "native_id": 137, "datetime_modified": "2012-06-28T09:37:32.058Z", "image": null}}, {"pk": "M4A5L5BS", "model": "api.node", "fields": {"name": "WSN node", "location_z": "16.05", "location_x": "26.51", "location_y": "4.73", "datetime_created": "2012-06-28T09:37:32.066Z", "platform": "tmotesky", "native_id": 138, "datetime_modified": "2012-06-28T09:37:32.066Z", "image": null}}, {"pk": "M4A5O5CX", "model": "api.node", "fields": {"name": "WSN node", "location_z": "16.05", "location_x": "20.86", "location_y": "11", "datetime_created": "2012-06-28T09:37:32.074Z", "platform": "tmotesky", "native_id": 139, "datetime_modified": "2012-06-28T09:37:32.074Z", "image": null}}, {"pk": "M4A5L5AU", "model": "api.node", "fields": {"name": "WSN node", "location_z": "16.05", "location_x": "20.86", "location_y": "13.85", "datetime_created": "2012-06-28T09:37:32.089Z", "platform": "tmotesky", "native_id": 140, "datetime_modified": "2012-06-28T09:37:32.089Z", "image": null}}, {"pk": "M4A5O5ED", "model": "api.node", "fields": {"name": "WSN node", "location_z": "16.05", "location_x": "20.62", "location_y": "5.16", "datetime_created": "2012-06-28T09:37:32.097Z", "platform": "tmotesky", "native_id": 141, "datetime_modified": "2012-06-28T09:37:32.097Z", "image": null}}, {"pk": "M4A5L5AS", "model": "api.node", "fields": {"name": "WSN node", "location_z": "16.05", "location_x": "20.68", "location_y": "1.53", "datetime_created": "2012-06-28T09:37:32.105Z", "platform": "tmotesky", "native_id": 142, "datetime_modified": "2012-06-28T09:37:32.105Z", "image": null}}, {"pk": "M4A5L5CG", "model": "api.node", "fields": {"name": "WSN node", "location_z": "16.05", "location_x": "14.55", "location_y": "13.88", "datetime_created": "2012-06-28T09:37:32.118Z", "platform": "tmotesky", "native_id": 143, "datetime_modified": "2012-06-28T09:37:32.119Z", "image": null}}, {"pk": "M4A5L5AR", "model": "api.node", "fields": {"name": "WSN node", "location_z": "16.05", "location_x": "14.55", "location_y": "11", "datetime_created": "2012-06-28T09:37:32.126Z", "platform": "tmotesky", "native_id": 144, "datetime_modified": "2012-06-28T09:37:32.126Z", "image": null}}, {"pk": "M4A5O5DO", "model": "api.node", "fields": {"name": "WSN node", "location_z": "16.05", "location_x": "14.59", "location_y": "5.09", "datetime_created": "2012-06-28T09:37:32.139Z", "platform": "tmotesky", "native_id": 145, "datetime_modified": "2012-06-28T09:37:32.139Z", "image": null}}, {"pk": "M4A5O5DF", "model": "api.node", "fields": {"name": "WSN node", "location_z": "16.05", "location_x": "14.58", "location_y": "1.46", "datetime_created": "2012-06-28T09:37:32.146Z", "platform": "tmotesky", "native_id": 146, "datetime_modified": "2012-06-28T09:37:32.146Z", "image": null}}, {"pk": "M4A5L5BP", "model": "api.node", "fields": {"name": "WSN node", "location_z": "16.05", "location_x": "8.31", "location_y": "5.07", "datetime_created": "2012-06-28T09:37:32.158Z", "platform": "tmotesky", "native_id": 147, "datetime_modified": "2012-06-28T09:37:32.159Z", "image": null}}, {"pk": "M4A5L5AJ", "model": "api.node", "fields": {"name": "WSN node", "location_z": "16.05", "location_x": "8.3", "location_y": "1.44", "datetime_created": "2012-06-28T09:37:32.166Z", "platform": "tmotesky", "native_id": 148, "datetime_modified": "2012-06-28T09:37:32.166Z", "image": null}}, {"pk": "M4A5L5BI", "model": "api.node", "fields": {"name": "WSN node", "location_z": "16.05", "location_x": "8.26", "location_y": "10.97", "datetime_created": "2012-06-28T09:37:32.179Z", "platform": "tmotesky", "native_id": 149, "datetime_modified": "2012-06-28T09:37:32.179Z", "image": null}}, {"pk": "M4A5L5BE", "model": "api.node", "fields": {"name": "WSN node", "location_z": "16.05", "location_x": "8.26", "location_y": "13.85", "datetime_created": "2012-06-28T09:37:32.186Z", "platform": "tmotesky", "native_id": 150, "datetime_modified": "2012-06-28T09:37:32.186Z", "image": null}}, {"pk": "M4A5L598", "model": "api.node", "fields": {"name": "WSN node", "location_z": "16.05", "location_x": "2.11", "location_y": "10.97", "datetime_created": "2012-06-28T09:37:32.194Z", "platform": "tmotesky", "native_id": 151, "datetime_modified": "2012-06-28T09:37:32.194Z", "image": null}}, {"pk": "M4A5L5CI", "model": "api.node", "fields": {"name": "WSN node", "location_z": "16.05", "location_x": "2.09", "location_y": "13.87", "datetime_created": "2012-06-28T09:37:32.208Z", "platform": "tmotesky", "native_id": 152, "datetime_modified": "2012-06-28T09:37:32.209Z", "image": null}}, {"pk": "M4A5L5CD", "model": "api.node", "fields": {"name": "WSN node", "location_z": "16.05", "location_x": "2", "location_y": "4.85", "datetime_created": "2012-06-28T09:37:32.217Z", "platform": "tmotesky", "native_id": 153, "datetime_modified": "2012-06-28T09:37:32.217Z", "image": null}}, {"pk": "M4A5O5DY", "model": "api.node", "fields": {"name": "WSN node", "location_z": "16.05", "location_x": "2.03", "location_y": "1.45", "datetime_created": "2012-06-28T09:37:32.225Z", "platform": "tmotesky", "native_id": 154, "datetime_modified": "2012-06-28T09:37:32.225Z", "image": null}}, {"pk": "I5560441", "model": "api.node", "fields": {"name": "WSN node", "location_z": "12.37", "location_x": "4.82", "location_y": "5.06", "datetime_created": "2012-06-28T09:37:32.233Z", "platform": "eyesifxv21", "native_id": 160, "datetime_modified": "2012-06-28T09:37:32.233Z", "image": null}}, {"pk": "I5560481", "model": "api.node", "fields": {"name": "WSN node", "location_z": "12.37", "location_x": "11.02", "location_y": "1.67", "datetime_created": "2012-06-28T09:37:32.248Z", "platform": "eyesifxv21", "native_id": 161, "datetime_modified": "2012-06-28T09:37:32.249Z", "image": null}}, {"pk": "I5560244", "model": "api.node", "fields": {"name": "WSN node", "location_z": "16.05", "location_x": "17.26", "location_y": "5.05", "datetime_created": "2012-06-28T09:37:32.269Z", "platform": "eyesifxv21", "native_id": 162, "datetime_modified": "2012-06-28T09:37:32.269Z", "image": null}}, {"pk": "I5560156", "model": "api.node", "fields": {"name": "WSN node", "location_z": "9.08", "location_x": "20.24", "location_y": "13.73", "datetime_created": "2012-06-28T09:37:32.277Z", "platform": "eyesifxv21", "native_id": 163, "datetime_modified": "2012-06-28T09:37:32.277Z", "image": null}}, {"pk": "I5560429", "model": "api.node", "fields": {"name": "WSN node", "location_z": "12.37", "location_x": "20.33", "location_y": "5.09", "datetime_created": "2012-06-28T09:37:32.298Z", "platform": "eyesifxv21", "native_id": 164, "datetime_modified": "2012-06-28T09:37:32.298Z", "image": null}}, {"pk": "I5560188", "model": "api.node", "fields": {"name": "WSN node", "location_z": "12.37", "location_x": "17.21", "location_y": "10.99", "datetime_created": "2012-06-28T09:37:32.306Z", "platform": "eyesifxv21", "native_id": 165, "datetime_modified": "2012-06-28T09:37:32.306Z", "image": null}}, {"pk": "I5560227", "model": "api.node", "fields": {"name": "WSN node", "location_z": "12.37", "location_x": "23.45", "location_y": "1.67", "datetime_created": "2012-06-28T09:37:32.314Z", "platform": "eyesifxv21", "native_id": 166, "datetime_modified": "2012-06-28T09:37:32.314Z", "image": null}}, {"pk": "I5560313", "model": "api.node", "fields": {"name": "WSN node", "location_z": "16.05", "location_x": "26.06", "location_y": "1.52", "datetime_created": "2012-06-28T09:37:32.329Z", "platform": "eyesifxv21", "native_id": 167, "datetime_modified": "2012-06-28T09:37:32.329Z", "image": null}}, {"pk": "I5560219", "model": "api.node", "fields": {"name": "WSN node", "location_z": "12.37", "location_x": "4.83", "location_y": "1.67", "datetime_created": "2012-06-28T09:37:32.337Z", "platform": "eyesifxv21", "native_id": 168, "datetime_modified": "2012-06-28T09:37:32.337Z", "image": null}}, {"pk": "I5560299", "model": "api.node", "fields": {"name": "WSN node", "location_z": "12.37", "location_x": "29.83", "location_y": "1.67", "datetime_created": "2012-06-28T09:37:32.358Z", "platform": "eyesifxv21", "native_id": 170, "datetime_modified": "2012-06-28T09:37:32.359Z", "image": null}}, {"pk": "I5560263", "model": "api.node", "fields": {"name": "WSN node", "location_z": "12.37", "location_x": "11", "location_y": "10.96", "datetime_created": "2012-06-28T09:37:32.378Z", "platform": "eyesifxv21", "native_id": 172, "datetime_modified": "2012-06-28T09:37:32.379Z", "image": null}}, {"pk": "I5560372", "model": "api.node", "fields": {"name": "WSN node", "location_z": "12.37", "location_x": "17.23", "location_y": "1.67", "datetime_created": "2012-06-28T09:37:32.387Z", "platform": "eyesifxv21", "native_id": 173, "datetime_modified": "2012-06-28T09:37:32.387Z", "image": null}}, {"pk": "I5560404", "model": "api.node", "fields": {"name": "WSN node", "location_z": "16.05", "location_x": "4.87", "location_y": "1.52", "datetime_created": "2012-06-28T09:37:32.398Z", "platform": "eyesifxv21", "native_id": 175, "datetime_modified": "2012-06-28T09:37:32.399Z", "image": null}}, {"pk": "I5560373", "model": "api.node", "fields": {"name": "WSN node", "location_z": "12.37", "location_x": "11.03", "location_y": "5.06", "datetime_created": "2012-06-28T09:37:32.406Z", "platform": "eyesifxv21", "native_id": 176, "datetime_modified": "2012-06-28T09:37:32.406Z", "image": null}}, {"pk": "I5560279", "model": "api.node", "fields": {"name": "WSN node", "location_z": "16.05", "location_x": "7.96", "location_y": "5.07", "datetime_created": "2012-06-28T09:37:32.438Z", "platform": "eyesifxv21", "native_id": 177, "datetime_modified": "2012-06-28T09:37:32.439Z", "image": null}}, {"pk": "I5560155", "model": "api.node", "fields": {"name": "WSN node", "location_z": "12.37", "location_x": "17.21", "location_y": "13.67", "datetime_created": "2012-06-28T09:37:32.446Z", "platform": "eyesifxv21", "native_id": 178, "datetime_modified": "2012-06-28T09:37:32.447Z", "image": null}}, {"pk": "I5560197", "model": "api.node", "fields": {"name": "WSN node", "location_z": "12.37", "location_x": "23.44", "location_y": "5.03", "datetime_created": "2012-06-28T09:37:32.458Z", "platform": "eyesifxv21", "native_id": 179, "datetime_modified": "2012-06-28T09:37:32.459Z", "image": null}}, {"pk": "I5560167", "model": "api.node", "fields": {"name": "WSN node", "location_z": "12.37", "location_x": "17.24", "location_y": "5.1", "datetime_created": "2012-06-28T09:37:32.467Z", "platform": "eyesifxv21", "native_id": 180, "datetime_modified": "2012-06-28T09:37:32.467Z", "image": null}}, {"pk": "I5560125", "model": "api.node", "fields": {"name": "WSN node", "location_z": "12.37", "location_x": "11", "location_y": "13.68", "datetime_created": "2012-06-28T09:37:32.479Z", "platform": "eyesifxv21", "native_id": 181, "datetime_modified": "2012-06-28T09:37:32.479Z", "image": null}}, {"pk": "I5560347", "model": "api.node", "fields": {"name": "WSN node", "location_z": "9.08", "location_x": "1.77", "location_y": "1.68", "datetime_created": "2012-06-28T09:37:32.488Z", "platform": "eyesifxv21", "native_id": 182, "datetime_modified": "2012-06-28T09:37:32.489Z", "image": null}}, {"pk": "I5560169", "model": "api.node", "fields": {"name": "WSN node", "location_z": "12.37", "location_x": "29.83", "location_y": "4.74", "datetime_created": "2012-06-28T09:37:32.496Z", "platform": "eyesifxv21", "native_id": 184, "datetime_modified": "2012-06-28T09:37:32.496Z", "image": null}}, {"pk": "M4ADD9UX", "model": "api.node", "fields": {"name": "WSN node", "location_z": "12.37", "location_x": "26.53", "location_y": "4.74", "datetime_created": "2012-06-28T09:37:32.504Z", "platform": "tmotesky", "native_id": 185, "datetime_modified": "2012-06-28T09:37:32.504Z", "image": null}}, {"pk": "M4ADD9UU", "model": "api.node", "fields": {"name": "WSN node", "location_z": "12.37", "location_x": "26.53", "location_y": "1.67", "datetime_created": "2012-06-28T09:37:32.518Z", "platform": "tmotesky", "native_id": 186, "datetime_modified": "2012-06-28T09:37:32.518Z", "image": null}}, {"pk": "M4ADD9VI", "model": "api.node", "fields": {"name": "WSN node", "location_z": "12.37", "location_x": "14.52", "location_y": "13.68", "datetime_created": "2012-06-28T09:37:32.526Z", "platform": "tmotesky", "native_id": 187, "datetime_modified": "2012-06-28T09:37:32.526Z", "image": null}}, {"pk": "M4ADD9UO", "model": "api.node", "fields": {"name": "WSN node", "location_z": "12.37", "location_x": "20.63", "location_y": "1.68", "datetime_created": "2012-06-28T09:37:32.534Z", "platform": "tmotesky", "native_id": 188, "datetime_modified": "2012-06-28T09:37:32.534Z", "image": null}}, {"pk": "M4ADD9UM", "model": "api.node", "fields": {"name": "WSN node", "location_z": "12.37", "location_x": "20.54", "location_y": "10.99", "datetime_created": "2012-06-28T09:37:32.549Z", "platform": "tmotesky", "native_id": 189, "datetime_modified": "2012-06-28T09:37:32.549Z", "image": null}}, {"pk": "M4ADD9UT", "model": "api.node", "fields": {"name": "WSN node", "location_z": "12.37", "location_x": "20.64", "location_y": "13.67", "datetime_created": "2012-06-28T09:37:32.557Z", "platform": "tmotesky", "native_id": 190, "datetime_modified": "2012-06-28T09:37:32.557Z", "image": null}}, {"pk": "M4ADD9U8", "model": "api.node", "fields": {"name": "WSN node", "location_z": "9.08", "location_x": "20.54", "location_y": "13.73", "datetime_created": "2012-06-28T09:37:32.565Z", "platform": "tmotesky", "native_id": 191, "datetime_modified": "2012-06-28T09:37:32.565Z", "image": null}}, {"pk": "M4ADD9VE", "model": "api.node", "fields": {"name": "WSN node", "location_z": "9.08", "location_x": "5.16", "location_y": "10.94", "datetime_created": "2012-06-28T09:37:32.578Z", "platform": "tmotesky", "native_id": 192, "datetime_modified": "2012-06-28T09:37:32.578Z", "image": null}}, {"pk": "M4ADD9VK", "model": "api.node", "fields": {"name": "WSN node", "location_z": "12.37", "location_x": "20.63", "location_y": "5.09", "datetime_created": "2012-06-28T09:37:32.586Z", "platform": "tmotesky", "native_id": 193, "datetime_modified": "2012-06-28T09:37:32.586Z", "image": null}}, {"pk": "M4ADD9UK", "model": "api.node", "fields": {"name": "WSN node", "location_z": "9.08", "location_x": "8.54", "location_y": "13.86", "datetime_created": "2012-06-28T09:37:32.594Z", "platform": "tmotesky", "native_id": 194, "datetime_modified": "2012-06-28T09:37:32.594Z", "image": null}}, {"pk": "M4ADD9VH", "model": "api.node", "fields": {"name": "WSN node", "location_z": "9.08", "location_x": "20.54", "location_y": "10.94", "datetime_created": "2012-06-28T09:37:32.602Z", "platform": "tmotesky", "native_id": 195, "datetime_modified": "2012-06-28T09:37:32.602Z", "image": null}}, {"pk": "M4ADD9UD", "model": "api.node", "fields": {"name": "WSN node", "location_z": "9.08", "location_x": "5.16", "location_y": "13.67", "datetime_created": "2012-06-28T09:37:32.618Z", "platform": "tmotesky", "native_id": 196, "datetime_modified": "2012-06-28T09:37:32.618Z", "image": null}}, {"pk": "M4ADD9UH", "model": "api.node", "fields": {"name": "WSN node", "location_z": "12.37", "location_x": "2.04", "location_y": "1.68", "datetime_created": "2012-06-28T09:37:32.626Z", "platform": "tmotesky", "native_id": 197, "datetime_modified": "2012-06-28T09:37:32.626Z", "image": null}}, {"pk": "M4ADD9VA", "model": "api.node", "fields": {"name": "WSN node", "location_z": "12.37", "location_x": "14.52", "location_y": "10.96", "datetime_created": "2012-06-28T09:37:32.635Z", "platform": "tmotesky", "native_id": 198, "datetime_modified": "2012-06-28T09:37:32.635Z", "image": null}}, {"pk": "M4ADD9UG", "model": "api.node", "fields": {"name": "WSN node", "location_z": "12.37", "location_x": "8.23", "location_y": "5.1", "datetime_created": "2012-06-28T09:37:32.649Z", "platform": "tmotesky", "native_id": 199, "datetime_modified": "2012-06-28T09:37:32.650Z", "image": null}}, {"pk": "M4ADD9VO", "model": "api.node", "fields": {"name": "WSN node", "location_z": "12.37", "location_x": "2.04", "location_y": "4.98", "datetime_created": "2012-06-28T09:37:32.657Z", "platform": "tmotesky", "native_id": 200, "datetime_modified": "2012-06-28T09:37:32.657Z", "image": null}}, {"pk": "M4ADD9UZ", "model": "api.node", "fields": {"name": "WSN node", "location_z": "12.37", "location_x": "8.23", "location_y": "1.67", "datetime_created": "2012-06-28T09:37:32.665Z", "platform": "tmotesky", "native_id": 202, "datetime_modified": "2012-06-28T09:37:32.665Z", "image": null}}, {"pk": "M4ADD9UJ", "model": "api.node", "fields": {"name": "WSN node", "location_z": "9.08", "location_x": "11.57", "location_y": "13.86", "datetime_created": "2012-06-28T09:37:32.673Z", "platform": "tmotesky", "native_id": 203, "datetime_modified": "2012-06-28T09:37:32.673Z", "image": null}}, {"pk": "M4ADD9V5", "model": "api.node", "fields": {"name": "WSN node", "location_z": "9.08", "location_x": "20.71", "location_y": "1.75", "datetime_created": "2012-06-28T09:37:32.689Z", "platform": "tmotesky", "native_id": 204, "datetime_modified": "2012-06-28T09:37:32.689Z", "image": null}}, {"pk": "M4ADD9UF", "model": "api.node", "fields": {"name": "WSN node", "location_z": "9.08", "location_x": "20.71", "location_y": "5.06", "datetime_created": "2012-06-28T09:37:32.697Z", "platform": "tmotesky", "native_id": 205, "datetime_modified": "2012-06-28T09:37:32.697Z", "image": null}}, {"pk": "M4ADD9V9", "model": "api.node", "fields": {"name": "WSN node", "location_z": "9.08", "location_x": "14.5", "location_y": "1.89", "datetime_created": "2012-06-28T09:37:32.705Z", "platform": "tmotesky", "native_id": 206, "datetime_modified": "2012-06-28T09:37:32.705Z", "image": null}}, {"pk": "M4ADD9VB", "model": "api.node", "fields": {"name": "WSN node", "location_z": "9.08", "location_x": "11.57", "location_y": "1.89", "datetime_created": "2012-06-28T09:37:32.713Z", "platform": "tmotesky", "native_id": 207, "datetime_modified": "2012-06-28T09:37:32.713Z", "image": null}}, {"pk": "M4ADD9VD", "model": "api.node", "fields": {"name": "WSN node", "location_z": "9.08", "location_x": "5.39", "location_y": "1.93", "datetime_created": "2012-06-28T09:37:32.728Z", "platform": "tmotesky", "native_id": 208, "datetime_modified": "2012-06-28T09:37:32.728Z", "image": null}}, {"pk": "M4ADD9VM", "model": "api.node", "fields": {"name": "WSN node", "location_z": "9.08", "location_x": "14.5", "location_y": "5.06", "datetime_created": "2012-06-28T09:37:32.736Z", "platform": "tmotesky", "native_id": 209, "datetime_modified": "2012-06-28T09:37:32.736Z", "image": null}}, {"pk": "M4ADD9U7", "model": "api.node", "fields": {"name": "WSN node", "location_z": "9.08", "location_x": "17.56", "location_y": "5.06", "datetime_created": "2012-06-28T09:37:32.744Z", "platform": "tmotesky", "native_id": 211, "datetime_modified": "2012-06-28T09:37:32.744Z", "image": null}}, {"pk": "M4ADD9UA", "model": "api.node", "fields": {"name": "WSN node", "location_z": "9.08", "location_x": "11.57", "location_y": "11.13", "datetime_created": "2012-06-28T09:37:32.752Z", "platform": "tmotesky", "native_id": 212, "datetime_modified": "2012-06-28T09:37:32.752Z", "image": null}}, {"pk": "M4ADD9UR", "model": "api.node", "fields": {"name": "WSN node", "location_z": "9.08", "location_x": "14.48", "location_y": "10.95", "datetime_created": "2012-06-28T09:37:32.768Z", "platform": "tmotesky", "native_id": 213, "datetime_modified": "2012-06-28T09:37:32.768Z", "image": null}}, {"pk": "M4ADD9UC", "model": "api.node", "fields": {"name": "WSN node", "location_z": "12.37", "location_x": "14.53", "location_y": "1.67", "datetime_created": "2012-06-28T09:37:32.776Z", "platform": "tmotesky", "native_id": 214, "datetime_modified": "2012-06-28T09:37:32.776Z", "image": null}}, {"pk": "M4ADD9U6", "model": "api.node", "fields": {"name": "WSN node", "location_z": "9.08", "location_x": "2.02", "location_y": "13.67", "datetime_created": "2012-06-28T09:37:32.784Z", "platform": "tmotesky", "native_id": 215, "datetime_modified": "2012-06-28T09:37:32.784Z", "image": null}}, {"pk": "M4ADD9U9", "model": "api.node", "fields": {"name": "WSN node", "location_z": "9.08", "location_x": "14.48", "location_y": "13.68", "datetime_created": "2012-06-28T09:37:32.792Z", "platform": "tmotesky", "native_id": 216, "datetime_modified": "2012-06-28T09:37:32.792Z", "image": null}}, {"pk": "M4ADD9VG", "model": "api.node", "fields": {"name": "WSN node", "location_z": "12.37", "location_x": "14.53", "location_y": "5.06", "datetime_created": "2012-06-28T09:37:32.808Z", "platform": "tmotesky", "native_id": 218, "datetime_modified": "2012-06-28T09:37:32.808Z", "image": null}}, {"pk": "M4ADD9UL", "model": "api.node", "fields": {"name": "WSN node", "location_z": "9.08", "location_x": "8.48", "location_y": "1.93", "datetime_created": "2012-06-28T09:37:32.816Z", "platform": "tmotesky", "native_id": 220, "datetime_modified": "2012-06-28T09:37:32.816Z", "image": null}}, {"pk": "M4ADD9UI", "model": "api.node", "fields": {"name": "WSN node", "location_z": "9.08", "location_x": "8.48", "location_y": "5.06", "datetime_created": "2012-06-28T09:37:32.824Z", "platform": "tmotesky", "native_id": 221, "datetime_modified": "2012-06-28T09:37:32.824Z", "image": null}}, {"pk": "M4ADD9V7", "model": "api.node", "fields": {"name": "WSN node", "location_z": "9.08", "location_x": "5.39", "location_y": "5.06", "datetime_created": "2012-06-28T09:37:32.838Z", "platform": "tmotesky", "native_id": 222, "datetime_modified": "2012-06-28T09:37:32.838Z", "image": null}}, {"pk": "M4ADD9U5", "model": "api.node", "fields": {"name": "WSN node", "location_z": "9.08", "location_x": "17.59", "location_y": "10.95", "datetime_created": "2012-06-28T09:37:32.846Z", "platform": "tmotesky", "native_id": 223, "datetime_modified": "2012-06-28T09:37:32.846Z", "image": null}}, {"pk": "M4ADD9UE", "model": "api.node", "fields": {"name": "WSN node", "location_z": "9.08", "location_x": "11.57", "location_y": "5.06", "datetime_created": "2012-06-28T09:37:32.854Z", "platform": "tmotesky", "native_id": 224, "datetime_modified": "2012-06-28T09:37:32.854Z", "image": null}}, {"pk": "M4ADD9VP", "model": "api.node", "fields": {"name": "WSN node", "location_z": "9.08", "location_x": "8.51", "location_y": "11.07", "datetime_created": "2012-06-28T09:37:32.862Z", "platform": "tmotesky", "native_id": 225, "datetime_modified": "2012-06-28T09:37:32.862Z", "image": null}}, {"pk": "M4ADD9UP", "model": "api.node", "fields": {"name": "WSN node", "location_z": "9.08", "location_x": "17.59", "location_y": "13.55", "datetime_created": "2012-06-28T09:37:32.879Z", "platform": "tmotesky", "native_id": 228, "datetime_modified": "2012-06-28T09:37:32.879Z", "image": null}}, {"pk": "M4ADD9V6", "model": "api.node", "fields": {"name": "WSN node", "location_z": "9.08", "location_x": "2.02", "location_y": "10.98", "datetime_created": "2012-06-28T09:37:32.887Z", "platform": "tmotesky", "native_id": 229, "datetime_modified": "2012-06-28T09:37:32.887Z", "image": null}}, {"pk": "M4ADD9V8", "model": "api.node", "fields": {"name": "WSN node", "location_z": "9.08", "location_x": "17.56", "location_y": "1.75", "datetime_created": "2012-06-28T09:37:32.898Z", "platform": "tmotesky", "native_id": 230, "datetime_modified": "2012-06-28T09:37:32.898Z", "image": null}}, {"pk": "M4ADD9VN", "model": "api.node", "fields": {"name": "WSN node", "location_z": "12.37", "location_x": "8.3", "location_y": "11", "datetime_created": "2012-06-28T09:37:32.906Z", "platform": "tmotesky", "native_id": 231, "datetime_modified": "2012-06-28T09:37:32.906Z", "image": null}}, {"pk": "M4AGFC9O", "model": "api.node", "fields": {"name": "WSN node", "location_z": "9.08", "location_x": "2.17", "location_y": "4.98", "datetime_created": "2012-06-28T09:37:32.914Z", "platform": "tmotesky", "native_id": 240, "datetime_modified": "2012-06-28T09:37:32.914Z", "image": null}}, {"pk": "M4AGFC9N", "model": "api.node", "fields": {"name": "WSN node", "location_z": "9.08", "location_x": "2.17", "location_y": "1.68", "datetime_created": "2012-06-28T09:37:32.928Z", "platform": "tmotesky", "native_id": 241, "datetime_modified": "2012-06-28T09:37:32.928Z", "image": null}}, {"pk": "M4AGHCKB", "model": "api.node", "fields": {"name": "WSN node", "location_z": "12.37", "location_x": "8.3", "location_y": "13.9", "datetime_created": "2012-06-28T09:37:32.936Z", "platform": "tmotesky", "native_id": 249, "datetime_modified": "2012-06-28T09:37:32.936Z", "image": null}}, {"pk": "M4AGFC9Z", "model": "api.node", "fields": {"name": "WSN node", "location_z": "12.37", "location_x": "2.1", "location_y": "10.97", "datetime_created": "2012-06-28T09:37:32.944Z", "platform": "tmotesky", "native_id": 250, "datetime_modified": "2012-06-28T09:37:32.944Z", "image": null}}, {"pk": "M4AGFC9V", "model": "api.node", "fields": {"name": "WSN node", "location_z": "12.37", "location_x": "2.1", "location_y": "13.85", "datetime_created": "2012-06-28T09:37:32.952Z", "platform": "tmotesky", "native_id": 251, "datetime_modified": "2012-06-28T09:37:32.952Z", "image": null}}, {"pk": "M4AGFC9L", "model": "api.node", "fields": {"name": "WSN node", "location_z": "12.37", "location_x": "5.23", "location_y": "10.97", "datetime_created": "2012-06-28T09:37:32.970Z", "platform": "tmotesky", "native_id": 252, "datetime_modified": "2012-06-28T09:37:32.970Z", "image": null}}, {"pk": "I5660053", "model": "api.node", "fields": {"name": "WSN node", "location_z": "9.08", "location_x": "1.77", "location_y": "4.98", "datetime_created": "2012-06-28T09:37:32.989Z", "platform": "eyesifxv21", "native_id": 260, "datetime_modified": "2012-06-28T09:37:32.989Z", "image": null}}, {"pk": "M4AGFC9Y", "model": "api.node", "fields": {"name": "WSN node", "location_z": "12.37", "location_x": "5.23", "location_y": "13.85", "datetime_created": "2012-06-28T09:37:32.999Z", "platform": "tmotesky", "native_id": 262, "datetime_modified": "2012-06-28T09:37:32.999Z", "image": null}}, {"pk": "I5660088", "model": "api.node", "fields": {"name": "WSN node", "location_z": "9.08", "location_x": "4.89", "location_y": "1.93", "datetime_created": "2012-06-28T09:37:33.007Z", "platform": "eyesifxv21", "native_id": 270, "datetime_modified": "2012-06-28T09:37:33.007Z", "image": null}}, {"pk": "I5660117", "model": "api.node", "fields": {"name": "WSN node", "location_z": "9.08", "location_x": "17.29", "location_y": "13.55", "datetime_created": "2012-06-28T09:37:33.019Z", "platform": "eyesifxv21", "native_id": 271, "datetime_modified": "2012-06-28T09:37:33.019Z", "image": null}}, {"pk": "M4AMBCIO", "model": "api.node", "fields": {"name": "WSN node", "location_z": "16.05", "location_x": "30.01", "location_y": "4.73", "datetime_created": "2012-06-28T09:37:33.027Z", "platform": "tmotesky", "native_id": 272, "datetime_modified": "2012-06-28T09:37:33.027Z", "image": null}}, {"pk": "1a4804592d9a43948db028d63ad68753", "model": "api.job", "fields": {"native_platform_id_list": "5", "datetime_from": "2012-06-27T17:00:00Z", "name": "(native job)", "datetime_created": "2012-06-28T09:38:14.055Z", "native_id": 3119, "datetime_modified": "2012-06-28T09:45:23.385Z", "datetime_to": "2012-06-28T09:59:00Z", "nodes": [], "description": "indoor localization"}}, {"pk": "498d5abad55b479cab83b2a0e9bed776", "model": "api.job", "fields": {"native_platform_id_list": "4,5", "datetime_from": "2012-07-02T09:00:00Z", "name": "(native job)", "datetime_created": "2012-06-28T09:38:14.063Z", "native_id": 3148, "datetime_modified": "2012-06-28T09:45:23.396Z", "datetime_to": "2012-07-02T16:00:00Z", "nodes": [], "description": "Contiki trials"}}, {"pk": "dd877681eb584fa499f0741ca4826e80", "model": "api.job", "fields": {"native_platform_id_list": null, "datetime_from": "2012-07-08T09:38:39Z", "name": "DEMO", "datetime_created": "2012-06-28T09:38:39.874Z", "native_id": 3150, "datetime_modified": "2012-06-28T09:45:24.549Z", "datetime_to": "2012-07-08T09:39:39Z", "nodes": ["M4A5L5CD", "M4A5O5DY", "M4ADD9U6", "M4ADD9UH", "M4ADD9V6", "M4ADD9VO"], "description": "DEMO - PLEASE DO NOT DELETE!"}}, {"pk": "ea2c4f24d4454d4bb9f11bc641bcb9dc", "model": "api.nodegroup", "fields": {"name": "All Nodes", "image": null, "datetime_created": "2012-06-28T09:38:40.355Z", "job": "dd877681eb584fa499f0741ca4826e80", "datetime_modified": "2012-06-28T09:38:40.390Z", "nodes": ["M4A5L5CD", "M4A5O5DY", "M4ADD9U6", "M4ADD9UH", "M4ADD9V6", "M4ADD9VO"], "description": "DEMO - PLEASE DO NOT DELETE!"}}, {"pk": "5269d72aabaa4f028a9e0eda84ac337f", "model": "api.nodegroup", "fields": {"name": "Subscriber", "image": null, "datetime_created": "2012-06-28T09:38:41.081Z", "job": "dd877681eb584fa499f0741ca4826e80", "datetime_modified": "2012-06-28T09:38:41.108Z", "nodes": ["M4A5L5CD"], "description": "DEMO - PLEASE DO NOT DELETE!"}}, {"pk": "c3f69057b66746e3b0e3ee0c2c84fb1a", "model": "api.nodegroup", "fields": {"name": "Publishers", "image": null, "datetime_created": "2012-06-28T09:38:41.241Z", "job": "dd877681eb584fa499f0741ca4826e80", "datetime_modified": "2012-06-28T09:38:41.273Z", "nodes": ["M4A5O5DY", "M4ADD9U6", "M4ADD9V6"], "description": "DEMO - PLEASE DO NOT DELETE!"}}, {"pk": "13df8549de704907b3dee73ae5c0bd2b", "model": "api.nodegroup", "fields": {"name": "Interferers", "image": null, "datetime_created": "2012-06-28T09:38:41.503Z", "job": "dd877681eb584fa499f0741ca4826e80", "datetime_modified": "2012-06-28T09:38:41.531Z", "nodes": ["M4ADD9UH", "M4ADD9VO"], "description": "DEMO - PLEASE DO NOT DELETE!"}}, {"pk": "5affdf558ca644c7895e1426de67cc37", "model": "api.image", "fields": {"file": "images/5affdf558ca644c7895e1426de67cc37", "name": "Image for Subscriber", "datetime_created": "2012-06-28T09:38:41.698Z", "job": "dd877681eb584fa499f0741ca4826e80", "datetime_modified": "2012-06-28T09:38:46.555Z", "description": "DEMO - PLEASE DO NOT DELETE!"}}, {"pk": "c4e4965bb14245879bbcfffeb2e29151", "model": "api.image", "fields": {"file": "images/c4e4965bb14245879bbcfffeb2e29151", "name": "Image for Publisher", "datetime_created": "2012-06-28T09:38:46.651Z", "job": "dd877681eb584fa499f0741ca4826e80", "datetime_modified": "2012-06-28T09:38:49.749Z", "description": "DEMO - PLEASE DO NOT DELETE!"}}, {"pk": "d5a47bcfcb864b1087dd0b819327455b", "model": "api.image", "fields": {"file": "images/d5a47bcfcb864b1087dd0b819327455b", "name": "Image for Interferer", "datetime_created": "2012-06-28T09:38:49.817Z", "job": "dd877681eb584fa499f0741ca4826e80", "datetime_modified": "2012-06-28T09:38:53.020Z", "description": "DEMO - PLEASE DO NOT DELETE!"}}]